code,system
7609,readv2
7609z00,readv2
7609300,readv2
G85..11,readv2
G852.00,readv2
G852z00,readv2
G858.00,readv2
Gyu9400,readv2
7609400,readv2
7609y00,readv2
A704z00,readv2
760C300,readv2
760F300,readv2
760F400,readv2
760C500,readv2
A053.00,readv2
J620.00,readv2
G850.00,readv2
G851.00,readv2
G852000,readv2
G852100,readv2
G852200,readv2
G852300,readv2
J62..00,readv2
J62y.00,readv2
J62z.00,readv2
J620000,readv2
J620100,readv2
J620300,readv2
J620z00,readv2
J620200,readv2
J622.00,readv2
J623.00,readv2
SP14300,readv2
J624.00,readv2